{
  "project_info": {
    "project_number": "652317127103",
    "project_id": "pokedex-app-pe",
    "storage_bucket": "pokedex-app-pe.firebasestorage.app"
  },
  "client": [
    {
      "client_info": {
        "mobilesdk_app_id": "1:652317127103:android:0b62ee8dc5796ddf01f10a",
        "android_client_info": {
          "package_name": "com.example.pokedex"
        }
      },
      "oauth_client": [],
      "api_key": [
        {
          "current_key": "AIzaSyATv0MU4xUeJxRj7DNyhLrt_Y29PFGWl0Q"
        }
      ],
      "services": {
        "appinvite_service": {
          "other_platform_oauth_client": []
        }
      }
    }
  ],
  "configuration_version": "1"
}